o:id,dcterms:title,jdc:hasRencontre,jdc:complexity,jdc:valeurUtilite
61019,"Yolla. Polity",,101,
61020,"Gérard. Henneron",,101,
61021,"Rosalba. Palermiti",,101,
61022,"Gilles Deleuze",,1261,70
61023,"Michèle Hudon",,187,
61024,"Alain Lecomte",,101,
61025,"Laurent Léveillé",,101,
61026,"Louis Couturat",,117,
61027,"Léopold Leau",,117,
61028,"Jaap Maat",,97,
61029,"Šākir Laʿībī",,127,
61031,"Célestin Deliège",,105,
61033,"Jean-Pierre Cahier",,375,20
61034,"Michel Lagarde",,105,
61035,"Jean Pépin",,115,
61037,"Hélène Trocmé-Fabre",,93,
61038,"Yves Citton",20,1823,60
61039,"Frédéric Lordon",,195,30
61040,"Ontology Matching",,95,
61041,"Serge Mauger",,107,
61042,"Sauvanet P.",,11,
61043,"Robert Blanché",,85,
61044,"Pierre. Sauvanet",,97,
61045,"Robert Pogue. Harrison",,97,
61047,"John. Cage",,"19 | 93",
61048,"Bernard Stiegler",,811,60
61049,"Gilles Châtelet",,23,10
61050,"Pascal. Moliner",,97,
61051,"Daniel Parrochia",,311,
61052,"Antonio R. Damasio",,109,10
61053,"Alain Prochiantz",,105,
61054,"Daniel Dubois",,105,
61055,"Paul Valéry",,101,60
61056,"Gregory Bateson",,413,30
61057,"Michel Bourdeau",,97,
61058,"Roy Thomas Fielding",,75,
61059,"Pierre Teilhard de Chardin",,195,30
61060,"Fernande Tardivel",,101,
61061,"Ruskey, Frank",,11,
61062,"Weston, Mark",,11,
61063,"S. Chow",,113,
61064,"F. Ruskey",,113,
61065,"B. Rieder",30,331,30
61066,"P. Lévy",,"19 | 195",
61067,"B. B Bederson",,101,
61068,"J. Grosjean",,101,
61069,"J. Meyer",,101,
61070,"D. Memmi",,93,
61071,"Frédéric Amblard",,333,
61072,"Denis Phan",,101,
61073,"Noëlle. Batt",,211,30
61074,"Guy Hocquenghem",,109,
61075,"René Schérer",,109,
61076,"Peter Wildbur",,109,
61077,"Michael Burke",,109,
61078,"Robert Klanten",,105,
61079,"Philippe Descola",10,531,60
61080,Collectif,,2271,
61081,"Jean Sallantin",,211,20
61082,"Jean-Claude Beaune",,101,
61083,"Gérard Chazal",,101,
61086,"Friedrich Nietzsche",,101,30
61087,"André Leroi-Gourhan",,109,30
61088,"Mioara Mugur-Schächter",20,199,40
61089,"Francis Jutand",,105,
61091,"Kostas Terzidis",,97,
61092,"Andrew Glassner",,105,
61093,"Etienne Guyon",,117,
61094,"Alice Pedregosa",,117,
61095,"Béatrice Salviat",,117,
61096,"Fred Turner",,113,
61097,"Thomas Berns",,245,50
61098,"Gaston Bachelard",,825,50
61099,"E. H Chi",,101,
61100,"J. T Riedl",,101,
61101,"M. Kitsak",,109,
61102,"L. K Gallos",,109,
61103,"S. Havlin",,109,
61104,"F. Liljeros",,109,
61105,"L. Muchnik",,109,
61106,"H. E Stanley",,109,
61107,"H. A Makse",,109,
61108,"Michel Serres",10,399,80
61109,"Walter J. Ong",,113,
61110,"Götz Uebe",,147,
61112,"J. Heer",,191,
61113,"John Venn",,105,
61116,"Claude Baltz",60,269,50
61117,"Luke Rhinehart",,97,
61118,"Jacques Bouveresse",,203,10
61119,"Emmanuel Sander",50,501,60
61121,"Hans Robert Jauss",,101,30
61122,"Pierre Boulez",10,199,30
61123,"Catherine Cazenave",,215,
61124,"Félix Guattari",,585,60
61125,"Brigitte Juanals",30,413,50
61126,"Jean-Max Noyer",70,1025,70
61127,Krishnamurti,,85,
61128,"Susana Nuccetelli",,97,
61129,"L. A Coldren",,105,
61130,"S. W Corzine",,105,
61131,"J. Wiley",,105,
61132,"Pierre Lévy",30,1871,60
61133,"Carl Gustav Jung",,575,70
61134,"Timothy Francis Leary",,101,50
61135,"Jean-Pierre Astolfi",,97,
61136,"Evelyne Broudoux",10,377,10
61137,"Sylvie Chartron",,109,
61138,"Stephan Renaud",,105,
61139,"Olivier Gerbé",,109,
61140,"Guy Mineau",,109,
61141,"Frédéric Fürst",,109,
61142,"Francky Trichet",,109,
61143,"Anthony Hock-koon",,113,
61144,"Mourad Oussalah",,113,
61145,"Thibaut de Saint-Maurice",,97,
61146,"Tim Berners-Lee",,233,50
61147,"Carole Lipsyc",10,297,
61148,"Imad Saleh",90,3003,90
61149,"Sylvie Leleu-Merviel",60,1013,50
61150,"Yves Jeanneret",10,607,30
61151,"Luc Massou",40,507,20
61152,"Nasreddine BouhaÏ",80,1689,30
61153,"Jean-Pierre Balpe",70,1273,70
61154,"S. R. Ranganathan",,93,
61155,"Jean Tellez",,97,
61156,"Colette Nativel",,105,
61157,"Marc Fumaroli",,117,10
61158,"Johann Joachim Winckelmann",,89,
61159,"Jean-Claude Fredouille",,105,
61160,"Michel Fishbane",,105,
61161,"Pierre Chiron",,105,
61163,"André Masson",,89,
61164,"M. Battistini",,101,
61165,"José M. Zamora",,113,
61166,"Alain Badiou",,505,40
61167,"Michel Tournier",,105,
61168,"John Cage",,297,70
61169,"Ferguson Russell",,109,
61171,"Manuel Zacklad",70,1083,70
61172,"Edgar Morin",,739,80
61173,"Khaldoun Zreik",80,1115,70
61174,"Jean-Baptiste Lalanne",,115,
61175,"Johann Amos Comenius",,93,
61176,"Comenius (1592-1670)",,127,
61177,"Michel de (1853-1929). Adaptateur Crayencour",,127,
61178,"Francis (1849-1916). Traducteur Lützow",,127,
61179,"Benjamin Huynh-Kim-Bang",,81,
61180,"Joseph Mariani",,109,
61181,"Jean-Michel Besnier",,109,
61182,"Jacques Bordé",,109,
61183,"Jean-Michel Cornu",,113,10
61184,"Marie Frage",,109,
61185,"Jean-Gabriel Ganascia",,339,
61186,"Jean-Paul Haton",,109,
61187,"Evelyne Serverin",,109,
61188,"Michèle Drechsler",,81,
61189,"Michel Foucault",,207,60
61190,"Nathalie Girard",,105,
61191,"Régine Teulier",,199,
61192,"Jean Charlet",,199,
61193,"Pierre Tchounikine",,199,
61194,"Roberto Casati",,101,
61196,"Pierre Thibaud",,135,
61197,"Frank Pierce",,143,
61198,"F. Merceur",,105,
61199,"M. Le Gall",,105,
61200,"A. Salaun",,105,
61201,"Émilie Zum Brunn",,117,
61202,"Alain de Libera",,289,
61203,"James Hendler",,77,
61204,"Ora Lassila",,77,
61205,"Ludwig Wittgenstein",,187,50
61206,"Gilles-Gaston Granger",,109,20
61207,"Bertrand Russell",,109,10
61208,"Pierre Bourdieu",,319,30
61209,"Omraam Mikhael Aïvanhov",,109,
61210,"F. Pirolli",,93,
61211,"A. Coutant",,101,
61212,"T. Stenger",,97,
61213,"Claude-Henri Watelet",,117,
61214,"Samuel Danon",,117,
61215,"Thomas W. Gaehtgens",,117,
61216,"Allen S. Weiss",,105,
61217,"Manuel Boutet",,105,
61218,"Étienne Armand Amato",30,223,3
61219,"Thomas Gaon",,105,
61220,"Denis Bertrand",,105,
61221,"Jacques Fontanille",5,321,5
61222,"Hélène Doyon",,19,
61223,"Alain Findeli",,97,
61224,"Philippe Bootz",80,749,70
61225,"Samuel Szoniecky",100,7819,100
61226,"David Rabouin",,195,40
61227,"Ivanova Malinka",,103,
61228,"Chatti Mohammed Amine",,103,
61229,"Julià Minguillón",,111,
61230,"Jordi Conesa",,111,
61231,"Shakir Luaybi",,105,
61232,"Jean-Louis Ermine",,97,
61233,"Guy Le Gaufey",,105,
61234,"Masaki Harada",,105,
61235,"Ernst Cassirer",,297,20
61236,"Claude Fronty",,109,
61237,"Jean Lacoste",,203,
61238,"Ole Hansen-Love",,113,
61239,"Jean-Michel Penalva",,129,
61240,"Séraphin Alava",,19,
61241,"Eléonore Message-Chazel",,19,
61242,"Najoua Mohib",,19,
61243,"Christian Laval",,19,
61244,"H. N. Kim",,97,
61245,"A. Roczniak",10,105,10
61246,"A. EI-Saddik",,97,
61247,"Louis de Mailly",,109,
61248,"Dominique Goy-Blanquet",,109,
61249,"Marie-Anne Paveau",,109,
61250,"Aude Volpilhac",,109,
61251,"Husserl Edmund",,109,10
61252,"Fabian Neuhaus",,171,
61253,"Elizabeth Florescu",,171,
61254,"Antony Galton",,171,
61255,"Michael Gruninger",,171,
61256,"Nicola Guarino",,171,
61257,"Leo Obrst",,171,
61258,"Arturo Sanchez",,171,
61259,"Amanda Vizedom",,171,
61260,"Peter Yim",,171,
61261,"Barry Smith",,171,
61262,"Jacques Lautrey",,211,
61263,"Yves Lecerf",,97,
61264,"Philippe Henri Louis Amiel",,105,
61265,"Théo Röhle",,109,
61267,"S. Crozat",,133,
61268,"U.I.I. des Contenus",,129,
61269,"UTC des Savoirs",,129,
61270,"Fabien Gandon",,633,30
61271,"Alain Giboin",,101,
61272,"Frederic Nef",,105,
61273,"Achille C. Varzi",,105,
61274,"Paul Otlet",,145,10
61275,"Robert Estivals",,227,
61276,"André Canonne",,141,
61277,"Magda Azzu",,81,
61278,"Jean Baudrillard",,187,30
61279,"Norbert Wiener",,101,40
61280,"Jean Lassègue",,235,
61281,"Anita Williams Woolley",,151,
61282,"Christopher F. Chabris",,151,
61283,"Alex Pentland",,151,
61284,"Nada Hashmi",,151,
61285,"Thomas W. Malone",,151,
61286,"nigel Thrift",,95,
61288,"Guy Melançon",,121,
61289,"Annaig Mahé",,127,
61290,"Bruno Latour",,939,70
61291,"Augustin Berque",,553,70
61292,"Jacques Ferber",,285,40
61293,"Pierre Boudon",,19,
61294,"P. Fastrez",,113,
61295,"H. Peeters",,113,
61296,"B. Darras",,113,
61297,"François Rastier",,779,40
61298,"Luc Desnoyers",,19,
61299,"Louis Hébert",,19,
61300,"Olfa Zaïbet",,113,
61301,"Pierre-Léonard Harvey",,113,
61302,"Jean-François Dortier",,113,
61303,"Bruno Bachimont",20,897,60
61304,"Anne Mayere",,121,
61305,"Francis Lapique",,121,
61306,"Stéphane Mallarmé",,117,40
61307,"Antoine Augustin Cournot",,89,
61308,"Trungpa Chogyam",,101,10
61309,"Mirta B. Gordon",,101,
61310,"Hélène Paugam-Moisy",,101,
61311,"Christian. Berger-Vachon",,101,
61312,"Baudoin Decharneux",,121,
61313,"Luc Nefontaine",,121,
61314,"Jean Louis Le Moigne",,201,40
61315,"Marc Augier",,99,
61316,"Frédéric Caumont",,135,
61317,"Alexandre Serres",,171,
61318,"Pascal Duplessis",,171,
61319,"Olivier Le Deuff",30,777,20
61320,"Ivana Ballarini-Santonocito",,171,
61321,"Jacques Kerneis",,171,
61322,"Florence Thiault",,299,
61323,"Agnès Montaigne",,171,
61324,"Yannick Prié",,23,40
61325,"David Benmahdi-Gombert",,157,
61326,"Jean-François Dégremont",30,165,30
61327,"Francine Grelier",,99,
61328,"Daniel Lepage",,125,
61329,"Fabrice Papy",,227,
61330,"Steve Whittaker",,149,
61331,"Blaise Cronin",,149,
61332,"Jillian C. Wallis",,183,
61333,"Matthew S. Mayernik",,183,
61334,"Christine L. Borgman",,255,
61335,"Alberto Pepe",,183,
61336,"Francisco Alvarez-Cavazos",,175,
61337,"David A. Garza-Salazar",,175,
61338,"Juan C. Lavariega-Jarquin",,175,
61339,"Ina Fourie",,143,
61340,"Roger T. Pédauque",,261,30
61341,"Nathalie Casemajor Loustau",,19,
61342,"Stéphane Chaudiron",30,293,10
61343,"Sophie Lacour",,91,
61345,"Alan F. Blackwell",,135,
61346,"Michael Zimmer",,123,
61347,"Melanie Feinberg",,123,
61348,"Maria Pagoni",,143,
61349,"Alain Faudemay",,113,
61350,"Douglas Hofstadter",10,337,40
61352,"Anne Bouthry",,117,
61353,"Christophe Jourdain",,117,
61354,"Gaël Bodet",,117,
61355,"Pierre-Henri Amalric",,117,
61356,"Manthos Santorineos",,113,
61357,"Yann Moulier Boutang",,465,20
61358,"Narendra Jussien",,105,
61359,"Stéphane Loiseau",,109,
61360,"Helka Folch",,113,
61361,"Benoît Habert",,113,
61362,"Dominique Lestel",,121,
61363,"James Paul Gee",,113,
61364,"Pierre Boutang",,113,
61365,"Madjid Ihadjadène",50,643,10
61366,"Pierre Mariot",,129,
61367,"Christine Golbreich",,129,
61368,"Jean-Pierre Cotton",,129,
61369,"François Vexler",,129,
61370,"Alain Berger",,129,
61371,"Eric Lecerf",,129,
61372,"Toni Negri",,129,
61373,"Sophie Demichel",,129,
61374,"Mara. Lacché",,105,
61375,"Observatoire musical français.",,101,
61376,"Jean-Philippe Vidal",,113,
61377,"Didier Oillo",,117,
61378,"Henri Hudrisier",30,125,30
61379,"L’Hédi Zaher",,167,
61380,"Gilbert Isoard",,167,
61381,"Thierry Bazillon",,91,
61382,"H. F. Moed",,229,
61384,"Pierre Carbone",,19,
61385,"Sven Ortoli",,89,
61386,"Monique Linard",,97,
61387,"Igor Babou",,107,
61388,"Francis Renaud",,113,
61389,"S. Golder",,107,
61390,"B. A Huberman",,107,
61391,"Alain Roger",,255,
61392,"Oleg Prosorov",,81,
61393,"Henri Bergson",,119,50
61394,"Olivier Maurice",,143,
61395,"Alain Reineix",,143,
61396,"Aurélien Bénel",,159,
61397,"L'hédi Zaher",,159,
61398,"Christophe Lejeune",,159,
61399,"Chao Zhou",,159,
61400,"Christine Plumejeaud",,19,
61401,"Christophe Tricot",,175,
61402,"Dominique Boullier",10,275,10
61403,"Maxime Crepel",,19,
61404,"Jean-Louis Ludovic",,107,
61405,"Jacques Derrida",,231,20
61406,"Romain Vuillemot",,107,
61407,"Alexandre Monnin",10,229,30
61408,"Freddy Limpens",,215,
61409,"David Laniado",,135,
61410,"Chaomei Chen",,113,
61412,"Marie-Jeanne Borel",,19,
61413,"Pierre Moor",,19,
61414,"Joanne Powell",,183,
61415,"Penelope A. Lewis",,183,
61416,"Neil Roberts",,183,
61417,"Marta García-Fiñana",,183,
61418,"R. I. M. Dunbar",,183,
61419,"Arild Utaker",,121,
61420,"Anne Sauvagnargues",,113,
61421,"Douglas Rushkoff",,121,
61422,"Frédéric Lebaron",,113,
61423,"Bernard Jacquemin",,245,
61424,"Claude Yacoub",70,539,60
61425,"Joseph Stiglitz",,129,
61426,"Amartya Sen",,129,
61427,"Jean-Paul Fitoussi",,129,
61428,"Abderrahim Bargaoui",,215,
61429,"Marion Gosselin",,119,
61430,"Frédéric Gosselin",,119,
61431,"Romain Julliard",,239,
61432,"Raphaël Josset",,143,
61433,"Ciro Cattuto",,163,
61434,"Christoph Schmitz",,163,
61435,"Andrea Baldassarri",,163,
61436,"Vito D.P. Servedio",,163,
61437,"Vittorio Loreto",,163,
61438,"Andreas Hotho",,163,
61439,"Miranda Grahl",,163,
61440,"Gerd Stumme",,163,
61441,"Nisrine Zammar",,19,
61442,"Jonathan Scott Lee",,101,
61443,"Hermann Hesse",,117,40
61444,"Francis Bailly",,117,
61445,"Giuseppe Longo",,117,
61446,Moebius,,125,30
61447,"Alejandro Jodorowsky",,129,20
61448,"Sandro Varano",,99,
61449,"Guillaume Hutzler",,161,
61450,"Sophie Lavaud-Forest",10,159,20
61451,"Federica Burini",,115,
61452,"Jean-Pierre Vernant",,101,50
61453,"Thierry de Duve",,109,30
61454,"Gilles Lipovetsky",,105,
61455,"Jean-François Lyotard",,109,60
61456,"Colin Ware",,121,
61457,"E. R. Tufte",,109,
61458,"Edward R. Tufte",,191,
61459,"Sigmar-Olaf Tergan",,187,
61460,"Gerald Jaeschke",,105,
61461,"Martin Leissler",,105,
61462,"Matthias Hemmje",,105,
61463,"Tanja Keller",,117,
61464,"Julie Steele",,321,
61465,"Noah Iliinsky",,321,
61466,"Glenn J. Myatt",,117,
61467,"Wayne P. Johnson",,117,
61468,"Riccardo Mazza",,105,
61469,"Daniel A. Keim",,163,
61470,"Ben Fry",,117,20
61471,"Chun-Houh Chen",,113,
61472,"Wolfgang Hardle",,113,
61473,"Antony Unwin",,113,
61474,"Jérôme Euzenat",,115,
61475,"Abdelhak Imoussaten",,115,
61476,"Yaël Champclaux",,107,
61477,"Hui Liu",,107,
61478,"Julien Hué",,107,
61479,"Jean-Philippe Magué",,115,
61480,Ghadakpour,,15,
61481,"Francis Édeline",,513,
61482,"E. V.B Wandji",,115,
61483,"Milena Vezneva",,107,
61484,"Antoine Traisnel",,89,
61485,"Elie Raad",,19,
61486,"Alexandre Passant",,19,
61487,"Franck Jedrzejewski",,207,40
61488,"B. Grassineau",,89,
61489,"Stéphanie Bridoux",,107,
61490,"Frédérique Bros",,107,
61491,"Paul Virilio",,121,40
61492,"Philippe Petit",,117,
61493,"Philippe Useille",40,179,20
61494,Hermes,,167,
61495,"René Thom",,345,50
61496,"Abderrazak Mkadmi",50,373,40
61497,"Denis Bayart",,159,
61498,"Brigitte Guyot",,19,
61499,"Fanny Georges",30,291,20
61500,"John Stewart",,227,
61501,"Patrick Zimbardo",,107,
61502,"Jean-Daniel Fekete",,447,20
61503,"Eric Lecolinet",,163,
61504,"Anne Cordier",,211,
61505,"Édouard Pommier",,109,30
61506,"Patrick Gros",,151,
61507,"Eric Alliez",,105,
61508,"Pierre Beust",,19,
61509,"Pierre. Pastré",,105,
61510,"Humberto R. Maturana",,109,40
61511,"Francisco J. Varela",,259,70
61512,"Frances Yates",,101,
61513,"Sylvianne Rémi-Giraud",,125,
61514,"Andrée Tiberghien",,125,
61515,"Nelson Goodman",,125,
61516,"Jacques Morizot",,125,
61517,"A. Bénel",,113,
61518,"C. Lejeune",,113,
61519,"Jeffrey Heer",,367,
61520,"Ben Shneiderman",,271,
61521,"Abolghasem Sadeghi-Niaraki",,105,
61522,"Hakim Hachour",50,1191,50
61523,"E. T Whittaker",,105,
61524,"G. N Watson",,105,
61525,"Jacques Bertin",,105,30
61526,"David Bainbridge",,139,
61527,"Brook J. Novak",,139,
61528,"Sally Jo Cunningham",,139,
61529,"Clay Shirky",,101,
61530,"Jacques Bril",,113,
61531,"Florence Amardeilh",,107,
61532,"Isabelle Boydens",,19,
61533,"Marian Dörk",,191,
61534,"Nathalie Henry Riche",,191,
61535,"Gonzalo Ramos",,191,
61536,"Susan Dumais",,191,
61537,"Gyu Hyun Kwon",,139,
61538,"Yoon Suk Lee",,139,
61539,"Mithilesh Kumar",,139,
61540,"Pierre Legendre",,121,
61541,"María Inés Laitano",70,575,30
61542,"Claudia Kozak",,199,
61544,"Hermes Salceda",,231,
61545,"Pierre Bazantay",,231,
61546,"Christelle Reggiani",,231,
61547,"Vincent Le Chevalier",,107,
61548,"Joël Quinqueton",,121,
61549,"Ivan Poupyrev",,175,
61550,"Philipp Schoessler",,175,
61551,"Jonas Loh",,175,
61552,"Munehiko Sato",,175,
61553,"Alain Cadix",,219,
61554,"Olfa Zaïbet Greselle",,19,
61555,"François Pachet",,113,
61556,"Olivier Zara",,149,
61557,"Loïc Le Meur",,149,
61558,"C. Meyer",,117,
61559,"R. Chalon",,117,
61560,"C. Bessière",,117,
61561,"B. David",,117,
61563,"Jacques Creusot",,119,
61564,"Joachim Schöpfel",,243,
61565,"François Jullien",,135,
61566,"Cédric Loi",,107,
61567,"André Demailly",,129,
61568,"Jean-Yves Bosseur",10,219,10
61569,"Isabelle Garron",,117,
61570,"Jean-Luc Minel",,117,
61571,"Raphaël Bessis",,135,
61572,"Olivier Carton",,113,
61573,"Gottfried Wilhelm Leibniz",,171,40
61574,"Danah Boyd",,259,20
61575,"Kate Crawford",,139,
61576,"M. Agrawala",,105,
61577,"Bernard Darras",,109,
61578,"Bruce Porter",,113,
61579,"Vladimir Lifschitz",,113,
61580,"Frank Van Harmelen",,113,
61581,"James Gleick",,117,20
61582,"Boris Cyrulnik",,113,40
61583,"Gilbert Gourinat",,113,
61584,"Clarisse Herrenschmidt",,113,
61585,"Ilya Prigogine",,113,30
61586,"Isabelle Stengers",,669,10
61587,"Jacques Perriault",,305,
61588,"Céline Vaguer",,121,
61589,"Andrew Feenberg",,113,
61590,"Tony Hey",,125,
61591,"Howard Gardner",,113,
61592,"Daniel Moatti",,113,
61593,"Henri Atlan",,105,
61594,"Eli Pariser",,113,
61595,"Daniel M. Romero",,85,
61596,"Wojciech Galuba",,81,
61597,"Sitaram Asur",,81,
61598,"Bernardo A. Huberman",,77,
61599,"Alain Séré",,101,
61600,"Alain-Marie Bassy",,101,
61601,"F. Sharp",,105,
61602,"Marie-Haude Caraës",,109,
61603,"Nicole Marchand-Zanartu",,109,
61604,"J. A Dunne",,101,
61606,"Gem Stapleton",,179,
61607,"John Howse",,179,
61608,"John Lee",,179,
61609,"Raul Niño Zambrano",,179,
61610,"Yuri Engelhardt",,179,
61611,"Christian Bonnet",20,141,
61612,"Pierre Wagner",,137,
61613,"Alexis Bienvenu",,137,
61614,"Ronan de Calan",,137,
61615,"Moritz Schlick",,113,
61616,"Michel Blondel",,105,
61617,"Louis-José Lestocart",,203,
61618,"Paul Ricœur",,457,10
61619,"Léonce Fabre Des Essarts",,123,
61620,"Jean-Amos Comenius",,105,
61621,"Jacques Lévy",,105,
61622,"Pascal Jérôme",,121,
61623,"J. C Dutot",,89,
61624,"Hervé Le Crosnier",,93,40
61626,"Luc Dall’Armellina",5,101,
61627,"Philippe Lacoue-Labarthe",,117,
61628,"Jean-Luc Nancy",,117,
61629,"Georges Couton",,113,
61630,"Gianluca Mura",,113,
61631,"Brigitte Albero",,247,
61632,"Nicole Poteaux",,129,
61633,"Alain Cardon",,93,30
61634,Monnoyer-Smith,,109,
61635,"Manuel Lima",,113,
61636,"François Ewald",,125,
61637,"Alessandro Fontana",,125,
61638,"Frédéric Gros",,125,
61639,"Alain Caillé",,125,
61640,"Marc Humbert",,125,
61641,"Serge Latouche",,125,
61642,"Patrick Viveret",,125,
61643,"Stephen Few",,121,
61644,"Philippe Breton",,377,
61645,"Philipp K. Janert",,113,
61646,"Liming Chen",,105,
61647,"Isabelle Bloch",,129,
61648,"Laurence Cholvy",,129,
61649,"Pascal Hitzler",,113,
61650,"Sebastian Rudolph",,113,
61651,"Markus Kroetzsch",,113,
61652,"Dominique Cardon",,369,20
61653,"J. F Noubel",,105,
61654,"Gilbert Paquette",,169,
61655,"Olivier Mongin",,125,
61656,"Ernst Jünger",,125,
61657,"Henri Plard",,125,
61658,"F. Bentayeb",,125,
61659,"O. Boussaïd",,125,
61660,"J. Darmont",,125,
61661,"S. Loudcher",,125,
61662,"David M. Berry",,121,
61663,"David-Olivier Lartigaud",,121,
61664,"Geoff Cox",,139,
61665,"Alex McLean",,139,
61666,"Adrian Ward",,139,
61667,"Larry Busbea",,129,
61668,"Zoi Kapoula",,109,
61669,"Mario Borrillo",,109,
61670,"Danièle Duport",,131,
61671,"Karl von Frisch",,117,
61672,"Otto von Frisch",,117,
61673,"Eric Klopfer",,129,
61674,"Edmund Husserl",,277,
61675,"Alfred Gell",,243,
61676,"I.M. Lewis",,141,
61677,"Gillbert Lewis",,141,
61678,"Pamela Constantinides",,141,
61679,"Serge Larose",,141,
61680,"Abner Cohen",,141,
61681,"Charles Rycroft",,141,
61682,"Stanislav Grof",,141,
61683,"Andre-Georges Haudricourt",,113,
61684,"René Lourau",,129,
61685,"John Dewey",,373,10
61686,"Alain Rey",,121,
61687,"Gottlob Frege",,117,
61688,"Jonathan Barnes",,117,
61689,"Charles Sanders Peirce",,421,40
61690,"Alexandre Koyré",,207,
61691,"Jean-Baptiste Joinet",,113,
61692,"Ikujirō Nonaka",,125,
61693,"Hirotaka Takeuchi",,125,
61694,"Vincent Lenhardt",,117,
61695,"Philippe Bernard",,117,
61696,"Yves Beaupérin",,105,
61697,"Constantin Mihai",,113,
61698,"Gilbert Hottois",,219,
61699,"James Lawley",,117,
61700,"Penny Tompkins",,117,
61701,"Leo Apostel",,113,
61702,"Benoît B. Mandelbrot",,117,30
61703,"Jean Piaget",,113,
61704,"Gilbert Simondon",,211,40
61705,"Eric Dayre",,127,
61706,"Eric George",,109,
61707,"Fabien Granjon",,215,
61708,"Julie Denouël",,125,
61709,"Nicolas Dodier",,113,
61710,"Veronique Bergen",,113,
61711,"Georges Canguilhem",,223,
61712,"Jean-Hugues Barthélémy",,105,
61713,"Stéphane Lupasco",,293,
61714,"Basarab Nicolescu",,121,
61715,"Solange de Mailly-Nesle",,121,
61716,"Pierre-Antoine Chardel",,125,
61717,"Bernard Reber",,125,
61718,"Cédric Gossart",,125,
61719,"Peter Stockinger",60,813,40
61720,"Peter Sloterdijk",,313,60
61721,"Marcel Antoine",,113,
61722,"Nathalie Henry",,19,
61723,"Sophie Aslanidou",,183,
61724,"Vassiliki Spiliotopoulou",,183,
61725,"Isabelle Cailleau",,183,
61726,"Serge Bouchardon",30,191,20
61727,"Stéphane Crozat",,183,
61728,"Hélène Bourdeloie",,183,
61729,"Yves Patte",,183,
61730,"Pierre Fastrez",,319,
61731,"Thierry De Smedt",,171,
61732,"Jeanne Riot",,187,
61733,"Eric Labouze",,187,
61734,"Franck Aggeri",,187,
61735,"Elena Benderskaya",,183,
61736,"Sofya Zhukova",,183,
61737,"Xin-She Yang",,183,
61738,"Ca Tortonese Paolo",,113,
61739,"Pascal Lardellier",,121,
61740,"François Fayad",,179,
61741,"François Lambotte",,275,
61742,"Françoise Bernard",5,195,10
61743,"Franck Vialle",,129,
61744,"Frédérique Lerbet-Séréni",,129,
61745,"Fausto Fraisopi",,129,
61746,"Jean-Louis Le Moigne",,239,40
61747,"Jean-Baptiste Le Corf",,207,
61748,"Jacques Noyer",,207,
61749,"Bruno Raoul",,207,
61750,"Isabelle Pailliart",,207,
61751,"Housamedden Darwish",,113,
61752,"Naveen Ashish",,125,
61753,"Amit P. Sheth",,125,
61754,"Günther Anders",,129,
61755,"J Diesner",,117,
61756,"K. M. Carley",,117,
61757,Stockinger,,113,
61758,"Catherine Faron-Zucker",,255,
61759,"Olivier Corby",,255,
61760,"Liliane Beaulieu",,219,
61761,"Bruno Blind",,219,
61762,"François Chargois",,219,
61763,"Gérard Eguether",,219,
61764,"Jean-Pierre Ferrier",,219,
61765,"Christian Houzel",,219,
61766,SMF,,215,
61767,"Alexandre Grothendieck",,23,10
61768,"Thierry Discepolo",,19,
61769,"Charles Jacquier",,19,
61770,"Philippe Olivera",,19,
61771,"Umberto Eco",5,521,70
61772,"Richard Rorty",,129,
61773,"Jonathan Culler",,129,
61774,"Christine Brooke-Rose",,129,
61775,"Stefan Collini",,129,
61776,"Slavoj Zizek",,129,
61777,"Alan-W Watts",,121,
61778,"Agnes Denes",,117,
61779,"Emily H. Davis Art Gallery",,117,
61780,"Clément Rosset",,121,
61781,"Eric Bonabeau",,137,
61782,"Guy Theraulaz",,137,
61783,"Marco Dorigo",,137,
61784,"Alain Grossetti",,121,
61785,"Claire Bidart",,121,
61786,"Michel Degenne",,121,
61787,"Maurice Dorolle",,97,
61788,"Thierry Paquot",,137,
61789,"Chris Younès",,137,
61790,"Eszter Hargittai",,135,
61791,"Marta Severo",30,175,20
61792,"Sylvie Grenet",,135,
61793,"Christian Hottin",,135,
61794,"Jean-Marc Manach",,121,
61795,"Pascal Robert",,121,
61796,"Roger C. Schank",,243,
61797,"Robert P. Abelson",,133,
61798,"Center for History and New Media",,67,
61799,"René Descartes",,109,40
61800,"Milad Doueihi",5,245,30
61801,"Sahbi Sidhom",50,299,30
61802,"Philippe Lambert",,217,
61803,"Karl Sierek",,129,
61804,"Georges Didi-Huberman",,133,10
61806,"Valérie Lavergne Boudier",,109,
61807,"Yves Dambach",,109,
61808,"Olivier Dupont",,183,
61809,"Étienne Bourgeois",,131,
61810,"Anne Piret",,131,
61811,"Jérémie Nicey",,19,
61812,"Philippe Hugon",,159,
61813,"Aurélie Brouwers",,183,
61814,Tchouang-tseu,,89,30
61815,"Ethan R. Mollick",,167,
61816,"Hugues Bersini",,125,
61817,"Robert Bononno",,133,
61818,"Didier Debaise",,261,
61819,"Institut de philosophie et de sciences morales",,125,
61820,"Tobie Nathan",,121,20
61821,"Paulo Freire",,125,30
61822,"Stéphane Vial",,223,30
61823,"Viviane Folcher",20,137,10
61824,"Franck Bodin",30,421,20
61825,"Soulages François",30,227,20
61826,"Sean Kandel",,155,
61827,"Laurence Noël",,179,
61828,"Erich Hörl",,19,
61829,"Guillaume Plas",,19,
61830,"Frédéric Neyrat",,143,
61831,"Dominique Quessada",,147,
61832,"Francis Laloë Dominique Hervé",,129,
61833,"Vincent Liquète",,335,20
61834,"Elise Chomienne",,159,
61835,"Anne Lehmans",,163,20
61836,"Charlotte Gauvry",,19,
61837,"François Soulages",50,251,40
61839,"Susan Kovacs",,203,
61840,"Bernard Valade",,203,
61841,"Philippe de Lara",,163,
61842,"José Saramago",,125,
61843,"Geneviève Leibrich",,125,
61844,"Estrella Rojas",30,133,20
61845,"Rob Shields",,113,
61846,"Pierre-Yves Oudeyer",,125,
61847,"Jean Demangeot",,109,
61848,"Pablo Jensen",,175,
61849,"Tommaso Venturini",,299,
61850,"Sebastian Grauwin",,175,
61851,"Marion Wolff",,187,
61852,"J.-M. Burkhardt",,187,
61853,"Concepción de la Garza",,187,
61854,"Iza Marfisi-Schottman",,219,
61855,"Olivier Ertzscheid",,425,30
61856,"Anne-Sophie Collard",,159,
61857,"Catherine De Lavergne",,163,
61858,"Marie-Caroline Heïd",,163,
61859,"Sylvie Ranwez",,131,
61860,"Dominique Provot",,135,
61861,"Pascale Aoudé",,143,
61862,"Nicolas Guichon",,119,
61863,"Béatrice Drot-Delange",,19,
61864,"Eric Bruillard",,19,
61865,"Amal Battou",,167,
61866,"Georges-Louis Baron",,123,
61867,"Claire François",,279,
61868,"Besagni Dominique",,123,
61869,"Fabry Cécilia",,123,
61870,"Roussel Clotilde",,123,
61871,"Sophie Chauvin",,19,
61872,"Jean-Marie Chevalier",,131,
61873,"Stéphane Hugon",,159,
61874,"Michel Maffesoli",,163,
61875,"Emmanuel Lazega",,19,
61876,"Yrjö Engeström",,163,10
61877,"Dominic Marion",,19,
61878,"Christian Jacob",,145,
61879,Collectif,,373,
61880,"Camille Roth",,19,
61881,"Jean-Marie Klinkenberg",,507,40
61882,"Dominique Besagni",,175,
61883,"Cécilia Fabry",,319,
61884,"Clotilde Roussel",,319,
61885,"Éric Guichard",,153,
61886,"Thierry Poibeau",,19,
61887,"Daniel Peraya",,187,
61888,"Claire Peltier",,187,
61889,"Evl Villiot-Leclercq, Emmanuelle",,187,
61890,"Marc Nagels",,187,
61891,"Cyrille Morin",,187,
61892,"Réginald Burton",,187,
61893,"Giovanna Mancuso",,187,
61894,AIPU,,179,
61895,"Michel Arnaud",,155,
61896,"Valérie Emin-Martinez",,135,
61897,"Roberta De Santis",,127,
61898,"Alessandra Fasano",,127,
61899,"Nadia Mignolli",,127,
61900,"Anna Villa",,127,
61901,"Andreas Kratky",,19,
61902,"Tim Ingold",,397,10
61903,"Pierre Madelin",,159,
61904,"Pierre Charbonnier",,159,
61905,"Denis Martouzet",,129,
61906,"Luc Gwiazdzinski",,19,
61907,"Lars Grunewaldt",,145,
61908,"Kim Moller",,145,
61909,"Karsten Morisse",,145,
61910,"Thomas Sempf",,145,
61911,"Vassil Alexandrov",,173,
61912,"R. Schroeter",,105,
61913,"J. Hunter",,105,
61914,"D. Kosovic",,105,
61915,"Étienne Perény",,243,
61916,"Xavier Grizon",,163,
61917,"Pierre Rabhi",,129,10
61918,"Ghislaine Chartron",20,789,10
61919,"Mostafa Bellafkih",,133,
61920,"Joël Gardes",,133,
61921,"Mohamed Ramdani",,133,
61922,"Anila Angjeli",,143,
61923,"Lisette Calderan",,133,
61924,"Jacques Millet",,133,
61925,"Renaud Girard",,105,
61926,"Charles Perin",,19,
61927,"Lise Andries",,121,
61928,"Jérémy Dubus",,123,
61929,"Isabelle Châtelet",,135,
61930,"Michel Costantini",,19,
61931,"Algirdas Julien Greimas",,349,
61932,"Jules Michelet",,117,
61933,"Athénaïs Michelet",,117,
61934,"Bernard Marr",,133,
61935,"Fernando Iafrate",,125,
61936,"Colin Strong",,125,
61937,"Michel Onfray",,125,30
61938,"Étienne Souriau",,349,
61939,"Gérald Kembellec",60,717,10
61940,"Francis Chateauraynaud",10,575,30
61941,"Astra Taylor",,133,
61942,"Jean Danielou",,111,
61943,"Anne Charreyron-Perchet",,111,
61944,"Jean-François Lucas",,127,
61945,Nagarjuna,,113,
61946,"Georges Driessens",,117,
61947,"Gyatso Yonyen",,117,
61948,"Béa Arruabarrena",30,143,3
61949,"Amandine Afonso Jaco",,211,
61950,"Stéphanie Buisine",,211,
61951,"Jessy Barré",,211,
61952,"Améziane Aoussat",,211,
61953,"Frédéric Vernier",,211,
61954,"Camille Bloomfield",,125,
61955,"Claire Lesage",,125,
61956,"Jérome Dupire",,101,
61957,"Mathieu Lafourcade",,125,
61958,"Nathalie Le Brun",,125,
61959,"Alain Joubert",,125,
61960,"Muriel Louâpre",40,371,30
61961,"Valérie Carayol",,205,
61962,"Ioan Roxin",60,849,40
61963,"Adeline Wrona",,145,
61964,"Hélène Hampartzoumian",,163,
61965,"Rose-Line Preud’Homme",,163,
61966,"Grégoire Loïs",,163,
61967,"Richard Raymond",,163,
61968,"Ève Anne Bühler",,163,
61969,"Yousri Hanachi",,163,
61970,"Régis Debray",5,117,10
61971,"Gerard P.J. Dijkema",,175,
61972,"Ming Xu",,175,
61973,"Sybil Derrible",,175,
61974,"Reid Lifset",,175,
61975,"Michel Authier",,129,
61976,"Mark Bernstein",20,171,20
61977,"Olivier Mannoni",,101,
61978,"Anne-Marie Chappuis",,135,
61979,"Franck Varenne",,123,
61980,"Philippe Gambette",10,93,10
61981,"Hilde Eggermont",,85,
61982,"Xavier Le Roux",,85,
61983,"Valérie Debuiche",,19,
61984,"Joseph Moreau",,143,
61985,"Jacqueline Henry",,133,
61986,"Robert Matthew French",,133,
61987,"Ian Milligan",,143,
61988,"Kristen Gallant",,127,
61989,"Elizabeth Lorang",,127,
61990,"Anneka Ramirez",,127,
61991,"Alain Vaillant",,133,
61992,"Patrick Peccatte",,179,
61993,"Pierre Mounier",,301,
61994,"Dietmar Schenk",,379,
61995,"Philippe Forget",,159,
61996,"Franco Moretti",,247,
61997,"Laurent Jeanpierre",,141,
61998,"Etienne Dobenesque",,141,
61999,"Lise Vieira",,19,
62000,"Evgeny Morozov",,121,
62001,"Pascale Haas",,121,
62002,"Jean-François Bert",,231,
62003,"Marc J. Ratcliff",,121,
62004,"Daniel Robichaud",,203,
62005,"Chantal Benoit-Barné",,203,
62006,"Patrice de la Broise",,203,
62007,"Sylvie Grosjean",,203,
62008,"Michel Bitbol",,125,
62009,"Philippe Dessus",,19,
62010,"Luciana Parisi",,19,
62011,samszo,,111,
62012,"Arnaud Laborderie",40,521,30
62013,"Patrizia Laudati",40,247,10
62014,"Marc Ratcliff",,133,
62015,"Christophe Magis",,19,
62016,"Eric Sadin",,137,10
62017,"Claire Petitmengin",,169,
62018,"Jacques Jaffelin",,121,
62019,"Alexandre Coutant",5,159,
62020,"Jean-Claude Domenget",40,287,10
62021,"David Douyère Hélène Bourdeloie",,155,
62022,"Jean-Paul Delahaye",,111,
62023,"Franck Berthelon",,115,
62024,"Gabriela Fiema",,19,
62025,"Stéphanie Mader",,19,
62026,"Camille Bosqué",,19,
62027,"Mathieu Jacomy",,247,30
62028,"Paul Girard",,143,
62029,"Benjamin Ooghe",,143,
62030,"Lyazid Sabri",,19,
62031,"Jean-Paul Imbert",,115,
62032,"Jérôme Guérin",,137,
62033,"Marc Durand",,137,
62034,"Yolaine Bourda",,407,
62035,"Gilles Gauthier",,179,
62036,"Rosa-Maria Gomez De Regil",,183,
62037,"Olivier Catteau",,179,
62038,"Laurence Gramondi",,143,
62039,"Gilles Bertin",,247,
62040,"Annie Bertrand",,247,
62041,"Elizabeth Cherhal",,247,
62042,"Laurent Flory",,247,
62043,"Rosa María Gómez de Regil",,247,
62044,"Xavier Hennequin",,247,
62045,"Monique Joly",,247,
62046,"Jean-Bernard Marino",,247,
62047,"Jean-Philippe Pernin",,247,
62048,"Maayan Zhitomirsky-Geffet",,195,
62049,"Gila Prebor",,135,
62050,"Orna Bloch",,135,
62051,"Laurence Favier",10,151,10
62052,"Widad Mustafa El Hadi",40,151,10
62053,"Dominique Vinck",,255,
62054,"Xavier Loyant",,19,
62055,"Marianne Deraze",,19,
62056,"Gautier Poupeau",,195,
62057,"Bernard Vatant",,195,
62058,"Raphael Troncy",,277,
62059,"Stéphane Pouyllau",,195,
62060,"Ruth Martinez",,195,
62061,"Michèle Battisti",,195,
62062,"Shalom H. Schwartz",,143,
62063,"Frédéric Kaplan",,133,
62064,"Mélanie Fournier",,133,
62065,"Marc-Antoine Nuessli",,133,
62066,"David Chavalarias",,143,
62067,"Amir Zidi",,19,
62068,"George Orwell",,129,
62069,"Amélie Audiberti",,129,
62070,"Mathieu Andro",60,757,20
62071,"Francesco Beretta",,271,
62072,"Pierre Vernus",,139,
62073,"Baya Mansouri",,19,
62074,"Emanuele Fadda",,183,
62075,"Christian Puech",,19,
62076,"Julie Lefebvre",,19,
62077,"Françoise Bottéro",,19,
62078,"Sergueï Tchougounnikov",,19,
62079,"Pierre-Yves Testenoire",,19,
62080,"Margarita Schoenenberger",,19,
62081,"Grégory Miras",,19,
62082,"Francis Tollis",,19,
62083,"Dominique Ducard",,19,
62084,"Irène Fenoglio",,19,
62085,"Marie-Luce Demonet",,19,
62086,"Cendrine Pagani-Naudet",,19,
62087,"Gilles Caporossi",,19,
62088,"Christophe Leblay",,19,
62089,"Béatrice Godart-Wendling",,19,
62090,"Antonio Mosca",,19,
62091,"Manuel Gustavo Isaac",,19,
62092,"Brigitte Garcia",,19,
62093,"Adèle Jatteau",,19,
62094,"Laurent Balon",,19,
62095,"Camiel Hamans",,19,
62096,"Elena Simonato",,19,
62097,"Antonio Baroni",,19,
62098,"Rossana De Angelis",,19,
62099,"Stefan Goltzberg",,19,
62100,"Isabelle Klock-Fontanille",,19,
62101,"Ekaterina Alexeeva",,19,
62102,"Claire Doquet",,19,
62103,"Marli Quadros Leite",,19,
62104,"Claudia Savina Bianchini",,19,
62105,"Carita Klippi",,19,
62106,"Yishaï Neuman",,19,
62107,"Mohamed Bouamama",,19,
62108,"Béatrice Hammer",,119,
62109,"Monique Wach",,119,
62110,"Ariane Debourdeau",,135,
62111,"Anne-Caroline Prévot",,255,
62112,"Anne Dozières",,139,
62113,"Sébastien Turpin",,139,
62114,"Ralph H. Johnson",,121,
62115,"J. Anthony Blair",,121,
62116,"Cram101 Textbook Reviews",,121,
62117,"Jacques Robin",,139,
62118,"Christophe Assens",,167,
62119,"Joëlle Ensminger",,167,
62120,"Gilles Bastin",,127,
62121,"Claudine Tiercelin",,231,
62122,"Robert Plutchik",,343,20
62123,"Baptiste Rappin",,143,
62124,"Xavier Inghilterra",,19,
62125,"Mahmoud Darwich",,137,
62126,"Elias Sanbar",,137,
62127,"Michèle Prieur",,155,
62128,"François Queyroi",,227,
62129,"Raymond Lulle",,111,30
62130,"Zygmunt Bauman",,121,
62131,"Christophe Rosson",,121,
62132,"Yehûdah ben Samuel ibn Balaʿam",,127,
62133,"Jehudah ben BalaʿAm",,127,
62134,"Jean Mercier",,131,
62135,"Ivan Illich",,133,10
62137,"Orélie Desfriches Doria",80,1153,40
62138,"Fahima Djelil",,19,
62139,"Sharon Chu",,19,
62140,"Francis Quek",,19,
62141,"C. Le Page",,107,
62142,"Sandra Bourdier Mellot",,19,
62143,"Yamil Salim Perchy",,115,
62144,"Anna Wierzbicka",,19,
62145,"Sophie Hamon",,19,
62146,"Mathieu Amy",,19,
62147,"Bert Peeters",,19,
62148,"Jean-Pierre Albert",,131,
62149,"Agnieszka Kedzierska-Manzon",,131,
62150,"Sébastien Ferré",,355,
62151,"Hicham-Stéphane Afeissa",,135,
62152,"Sophie Gosselin",,135,
62153,"Cécile Swiatek",,163,
62154,"Myriam Gorsse",,163,
62155,"Jean-Marc Meunier",70,891,50
62156,"Serge Tisseron",,207,
62157,"Florian Jaton",,131,
62158,"David Reymond",40,143,60
62159,"Philippe Averlant",,127,
62160,"Karim Barkati",,115,
62161,"Pollet Charlotte",,115,
62162,"Isabelle Robinet",,19,
62163,"Pascaline Dury",,159,
62164,"Samuel Huron",,19,
62165,"Alain Javeau",,19,
62166,"Gaspard Brun",,19,
62167,"Pascal Roques",,125,
62168,"Jean Léo Léonard",,175,
62169,"Jean-Jacques Boutaud",,113,
62170,"Michael Bostock",,185,40
62171,"Vadim Ogievetsky",,95,
62172,"Stuart K. Card",,135,
62173,"Jock D. Mackinlay",,135,
62174,"Benoit Baudry",,135,
62175,"Martin Monperrus",,135,
62176,"Cendrine Mony",,135,
62177,"Franck Chauvel",,135,
62178,"Franck Fleurey",,135,
62179,"Siobhan Clarke",,135,
62180,"Lylia Alouache",,127,
62181,"Jianxiao Yang",,127,
62182,"Guillaume Surroca",,123,
62183,"Louise Merzeau",10,173,20
62184,"Thomas Boccon-Gibod",,145,
62185,"Cristina Ion",,145,
62186,"Eric Mougenot",,145,
62187,"Denis Bruckmann",,145,
62188,"Ronald R. Yager",,137,
62189,"Jordán Pascual Espada",,137,
62190,"Stéphane Safin",50,229,50
62191,"Nicolas Donin",,129,
62192,"Laurent Feneyrou",,129,
62193,"Yann Moulier-Boutang",,147,10
62194,"Emmanuel Videcoq",,143,
62195,"Jérôme Thièvre",,89,
62196,"France Henri",,19,
62197,"S. Duchemin",,97,
62198,"Groupe µ",,409,70
62199,"Pascal Froissart",20,27,10
62200,"Stéphane Olivési",,19,
62201,"Yves Clot",,125,
62202,"Joi Ito",,137,
62203,"Jeff Howe",,137,
62204,"Conseil national du numérique (CNN)",,183,
62205,"Leonardo Angelini",,167,
62206,"Omar Abou Khaled",,167,
62207,"Elena Mugellini",,167,
62208,"Pauline De Pechpeyrou",,159,
62209,"Jacques Grinevald",,19,
62210,"Géraldine Abrami",,251,
62211,"Marion Amalric",,251,
62212,"Brice Anselme",,251,
62213,"Arnaud Banos",,251,
62214,"Elise Beck",,251,
62215,"Nicolas Becu",,251,
62216,"Baptiste Blanpain",,251,
62217,"Sébastien Caillault",,251,
62218,"Nathalie Corson",,251,
62219,"Eric Daudé",,251,
62220,"Marta Debolini",,251,
62221,"Etienne Delay",,251,
62222,"Françoise Duraffour",,251,
62223,"Aurélie Gaudieux",,251,
62224,"Benoit Gaudou",,251,
62225,"Thomas Houet",,251,
62226,"Patrice Langlois",,251,
62227,"Vincent Laperrière",,251,
62228,"Rémi Lemoy",,251,
62229,"Thomas Louail",,251,
62230,"Nicolas Marilleau",,251,
62231,"François Miahle",,251,
62232,"Claude Monteil",,251,
62233,"Diego Moreno",,251,
62234,"Cyril Pivano",,251,
62235,"Romain Reulier",,251,
62236,"Sebastien Rey-Coyrehourcq",,251,
62237,"Frédéric Rousseaux",,251,
62238,"Paul Salze",,251,
62239,"Clara Schmitt",,251,
62240,"David Sheeren",,251,
62241,"Patrick Taillandier",,251,
62242,"Hugo Thierry",,251,
62243,"Clémence Vannier",,251,
62244,"Vincent Levorato",,19,
62245,"Z. Belmandt",,125,
62246,"Srdjan Vesic, Jonathan Ben-Naim Leila Amgoud",,107,
62247,"Serge Thibault",,19,
62248,"Solange Ghernaouti-Hélie (D)",,131,
62249,"Arnaud Dufour",,131,
62250,"Joël Colloc",,155,
62251,"Elisa Omodei",,19,
62252,"Rosemonde Letricot",,149,
62253,"Mario Cuxac",,149,
62254,"Maria Uzcategui",,149,
62255,"Andrea Cavaletto",,149,
62256,"Philippe Martin",,149,
62257,"Silvia Mostaccio",,149,
62258,"Paul Servais",,149,
62259,"Laurent Beauguitte",,19,
62260,"François Briatte",,143,
62261,"Joris Sansen",,19,
62262,"Joëlle L Coutaz",,179,
62263,"James L Crowley",,179,
62264,AFIHM,,171,
62265,"Nathalie Sonnac",,167,
62266,"Adrien Revault d'Allonnes",5,23,
62267,"Joachim Debaz",20,109,10
62268,"Cynthia Fleury",,253,10
62269,"Hubert Guillaud",,111,20
62270,"Frédéric Glorieux",,19,
62271,"Pierre-Carl Langlais",,19,
62272,"Thomas Bottini",,117,
62273,"Nicolas Sauret",70,27,40
62274,"Andrew Abbott",,151,
62275,"Hugo Bouvard",,151,
62276,"Étienne Ollion",,151,
62277,"Lise Verlaet",20,147,
62278,"Jean-Guy Meunier",,19,
62279,"Nathalie Ferrand",,19,
62280,"Michèle Weil",,19,
62282,"Nadine Mandran",,199,
62283,"Maroua Meddeb",,19,
62284,"Yuanfang Chen",,19,
62285,"Taïma del Carmen Pérez Rosillo",,19,
62286,"Johann Vincent",,19,
62287,"Christine Porquet",,19,
62288,"Maroua Borsali",,19,
62289,"Harold Leboulanger",,19,
62290,"Claudio A. Ardagna",,19,
62291,"Jianying Zhou",,19,
62292,"H. Chen",,241,
62293,"F. Perich",,241,
62294,"T. Finin",,241,
62295,"A. Joshi",,241,
62296,"Jean-Paul Kasprzyk",,99,
62297,"Jane Hunter",,159,
62298,"Takeo Kanade",,903,
62299,"Josef Kittler",,903,
62300,"Jon M. Kleinberg",,903,
62301,"Friedemann Mattern",,903,
62302,"John C. Mitchell",,903,
62303,"Moni Naor",,903,
62304,"Oscar Nierstrasz",,903,
62305,"C. Pandu Rangan",,903,
62306,"Bernhard Steffen",,903,
62307,"Madhu Sudan",,903,
62308,"Demetri Terzopoulos",,903,
62309,"Dough Tygar",,447,
62310,"Moshe Y. Vardi",,903,
62311,"Gerhard Weikum",,903,
62312,"Anne Persson",,219,
62313,"Janis Stirna",,219,
62314,"Chrisa Tsinaraki",,219,
62315,"Panagiotis Polydoros",,219,
62316,"Stavros Christodoulakis",10,227,5
62317,"Jean Carrive",,101,
62318,"Steffen Lalande",30,569,20
62319,"Jean-Philippe Poli",,101,
62320,"Claire Lavenir",,311,
62321,"Fagot Christophe",,215,
62322,"Alain Collignon",,163,
62323,"François Parmentier",,163,
62324,"Elise Moreau",,163,
62325,"Nicolas Thouvenin",,163,
62326,"Antoine Isaac",,131,
62327,"José Aramis Marin Pérez",,123,
62328,"Kingsley Uyi Idehen",,99,
62329,"S. ter Braake",,127,
62330,"A. S. Fokkens",,127,
62331,"André Velter",,109,
62332,"Imen Tayari-Meftah",,115,
62333,"Marianne Habib",,171,
62334,"Grégoire Borst",,171,
62335,"Nicolas Poirel",,171,
62336,"Olivier Houdé",,171,
62337,"Sylvain Moutier",,171,
62338,"Mathieu Cassotti",,171,
62339,"Julien Pierre",,121,
62340,"Camille Alloing",10,129,3
62341,"Marie-Christine Bornes-Varol",,283,
62342,"Marie-Sol Ortola",,283,
62343,"Odile Farge",30,271,10
62344,"Paweł Kapłański",,191,
62345,"Marc Nanard",,143,
62346,"Jocelyne Nanard",,143,
62347,"Kamenka Staykova",,109,
62348,"Michel Chein",,109,
62349,"Alain Gutierrez",,109,
62350,"Valia Saraydarova",,109,
62351,"Danail Dochev",,109,
62352,"Abdelkrim Beloued",,389,
62353,INA,,103,
62354,"Rémy Besson",20,119,
62355,"Claire Scopsi",30,123,10
62356,"Éva Sandri",,247,
62357,"Armando Stellato",,117,
62358,"Andrea Turbati",,117,
62359,"Manuel Fiorelli",,117,
62360,"Tiziano Lorenzetti",,117,
62361,"Eugeniu Costetchi",,117,
62362,"Christine Laaboudi",,117,
62363,"Willem Van Gemert",,117,
62364,"Johannes Keizer",,117,
62365,"David Hutchison",,703,
62366,"Doug Tygar",,475,
62367,"Lora Aroyo",,427,
62368,"Grigoris Antoniou",,247,
62369,"Eero Hyvönen",,423,
62370,"Annette ten Teije",,475,
62371,"Heiner Stuckenschmidt",,475,
62372,"Liliana Cabral",,247,
62373,"Tania Tudorache",,395,
62374,"Thomas Schandl",,247,
62375,"Andreas Blumauer",,247,
62376,"Valentin Zacharias",,93,
62377,"Simone Braun",,93,
62378,"Paolo Traverso",,195,
62379,"Fabio Ciravegna",,195,
62380,"Philipp Cimiano",,195,
62381,"Tom Heath",,195,
62382,"Riichiro Mizoguchi",,195,
62383,"Eyal Oren",,195,
62384,"Marta Sabou",,195,
62385,"Elena Simperl",,195,
62386,"Barış Sertkaya",,195,
62387,"B. Thomas Adler",,143,
62388,"Luca de Alfaro",,143,
62389,"Csongor Nyulas",,167,
62390,"Natalya F. Noy",,167,
62391,"Mark A. Musen",,167,
62392,"Isabel Cruz",,247,
62393,"Stefan Decker",,247,
62394,"Dean Allemang",,247,
62395,"Chris Preist",,247,
62396,"Daniel Schwabe",,247,
62397,"Peter Mika",,247,
62398,"Mike Uschold",,247,
62399,"Lora M. Aroyo",,247,
62400,"Sören Auer",,247,
62401,"Sebastian Dietzold",,247,
62402,"Thomas Riechert",,247,
62403,"Max Völkel",,261,
62404,"Markus Krötzsch",,261,
62405,"Denny Vrandecic",,261,
62406,"Heiko Haller",,183,
62407,"Rudi Studer",,183,
62408,"Farzaneh Mahdisoltani",,97,
62409,"Joanna Biega",,97,
62410,"Fabian M Suchanek",,97,
62411,"Iris V. Naudin",,19,
62412,"Dominique Pialot",,99,
62413,"Mathieu Mercuriali",,127,
62414,"Andrzej Duda",,183,
62415,"Olivier Alphand",,183,
62416,"Michele Amoretti",,183,
62417,"Timothy Claeys",,183,
62418,"Simone Dall 'asta",,183,
62419,"Gianluigi Ferrari",,183,
62420,"Franck Rousseau",,183,
62421,"Bernard Tourancheau",,183,
62422,"Luca Veltri",,183,
62423,"Francesco Zanichelli",,183,
62424,"David Filliat",,143,
62425,"Nolwenn Maudet",,19,
62426,"Sabrina Boulesnane",,155,
62427,"Laïd Bouzidi",,155,
62428,"Eleonora Moiraghi",,19,
62429,"Emeline Eudes",,121,
62430,"Véronique Maire",,121,
62431,InternetActu.net,,99,40
62432,"Juliette Brun",,19,
62433,"Cathie Marache-Francisco",,19,
62434,"Pierre Marquis",,19,
62436,"Maud Hagelstein",,143,
62437,"Johanna Völker",,247,
62438,"Siegfried Handschuh",,247,
62439,"Mathieu d’Acquin",,247,
62440,"Andriy Nikolov",,247,
62441,"Nathalie Aussenac-Gilles",,351,
62442,"Nathalie Hernandez",,351,
62443,"Alice Hermann",,247,
62444,"Mireille Ducassé",,247,
62445,"Romain Allais",,19,
62446,"Benjamin Tyl",,19,
62447,"Julie Postel",,19,
62448,"Raphaèle Fleury",,19,
62449,"Jean Davallon",,19,
62450,"Lamine Sarr",,19,
62451,"Ines Bannour",,123,
62452,"Aous Karoui",,123,
62454,"S. Szoniecky",,"19 | 153",
62457,"R. Fournier-S'niehotta",,153,
62458,"F. Siala-Kallel",,153,
62460,"S. Labelle",,153,
62461,"Mathieu Vermeulen",,115,
62462,"Mehdi Ammi",60,283,20
62463,"Javier Lopez",,129,
62464,"Ruben Rios",,129,
62465,"Feng Bao",,129,
62466,"Guilin Wang",,129,
62467,"Jayavardhana Gubbi",,129,
62468,"Rajkumar Buyya",,129,
62469,"Slaven Marusic",,129,
62470,"Marimuthu Palaniswami",,129,
62471,"B. Yu",,191,
62472,"J. Wright",,191,
62473,"S. Nepal",,191,
62474,"L. Zhu",,191,
62475,"J. Liu",,191,
62476,"R. Ranjan",,191,
62477,"Luciano Floridi",,155,
62478,"Federica Russo",,143,
62479,"Myriam Tanant",,141,
62480,"Marion Colas-Blaise",,149,
62481,"Anne Beyaert-Geslin",20,635,20
62482,"Maria Giulia Dondero",10,511,10
62483,"Audrey Moutat",,161,
62484,"Levitin Daniel",,99,
62485,"Isabelle (1972- ) Auteur du texte Delannoy",,123,
62486,"Bruno Menon",30,247,10
62487,"Carola Fernandez-Moujan",,19,
62488,"Salomé Frémineur",,147,
62489,"Sébastien Dourlens",,19,
62490,"Aymeric Bouchereau",,323,
62491,"Primavera De Filippi",,135,
62492,"Wenxin Mu",,163,
62493,"Frederick Benaben",,163,
62494,"Nicolas Boissel-Dallier",,163,
62495,"Hervé Pingaud",,163,
62496,"Stuart Moran",,155,
62497,"Sophie Berckhan",,155,
62498,"Alison Clarke",,155,
62499,"Groupe Sciences en questions",,145,
62500,"Arnaud Mercier",30,211,20
62501,"Christian Plantin",,85,
62502,"Arthur Schopenhauer",,169,10
62503,"Dominique Laure Miermont",,165,
62504,"Aurélia Grandin",,165,
62505,"Didier Raymond",,165,
62506,"Michael Rinn",,163,
62507,"Yochai Benkler",,133,
62508,"Robert Faris",,133,
62509,"Hal Roberts",,133,
62510,"Cédric Plessiet",40,127,40
62511,"Lucie K. Morisset",,137,
62512,"Amri Toumia",,683,
62513,"Vilém Flusser",,243,20
62514,"Céline Borelle",,19,
62515,"Jean-Samuel Beuscart",,139,
62516,"Patrice Flichy",,139,
62517,"Soroush Vosoughi",,167,
62518,"Deb Roy",,167,
62519,"Sinan Aral",,167,
62520,"Geoffroy Daignes",,19,
62521,"Gilles Sahut",,143,
62522,"Florence Millerand",,107,
62523,"John E. McPeck",,159,
62524,"Matthew Lipman",,101,
62525,"Peter Facione",,97,
62526,"Robert H. Ennis",,81,
62527,"James Elmborg",,155,
62528,"Kees Dongen",,137,
62529,"Jan Maarten Schraagen",,137,
62530,"Aletta Eikelboom",,137,
62531,"Guido Brake",,137,
62532,"Claude Poissenot",,115,
62533,"Françoise Schenk",,135,
62534,"Vincent Crapanzano",,151,
62535,"Julien Bernard",,127,
62536,"Eva Illouz",,109,
62537,"Denis Guénoun",,121,
62538,"Elisabetta Zibetti",,127,
62539,"Mônica Macedo-Rouet",,155,
62540,"Jason L. G. Braasch",,155,
62541,"M. Anne Britt",,155,
62542,"Jean-François Rouet",,243,
62543,"Tobias Richter",,171,
62544,"Johanna Maier",,171,
62545,"Normand Baillargeon",,89,
62546,Charb,,89,
62547,"Normand Baillargeon",,109,
62548,"Renée Bourassa",80,259,30
62549,"Lucile Haute",,19,
62550,"Gilles Rouffineau",,19,
62551,"Philippe Nys",,113,
62552,"Federico Gobbo",,127,
62553,"Jean H M Wagemans",,127,
62554,"Romain Badouard",,147,
62555,"Anne-Lorraine Bujon",,147,
62556,"Shlomo Benartzi",,223,
62557,"John Beshears",,223,
62558,"Katherine L. Milkman",,223,
62559,"Cass R. Sunstein",,223,
62560,"Richard H. Thaler",,223,
62561,"Maya Shankar",,223,
62562,"Will Tucker-Ray",,223,
62563,"William Congdon",,223,
62564,"Steven Galing",,223,
62565,"Marcello Vitali-Rosati",30,521,50
62566,"Jean-Marc Larrue",60,197,40
62567,"Gabrielle Godin",60,249,20
62568,"Thomas Piketty",,125,
62569,"François-Bernard Huyghe",,143,
62570,"Catherine Gouédard",10,159,
62571,"Pierre Rabardel",10,417,40
62572,"Everardo Reyes",80,835,80
62573,"Bernard Magné",,167,
62574,"Roger Bautier",,151,
62575,"Ali Tebbakh",,93,
62576,"Julian Alvarez",,107,
62577,"Renaud Fabre",,143,
62578,"Liehuang Zhu",,131,
62579,"Keke Gai",,131,
62580,"Meng Li",,131,
62581,"Cristina Lindenmeyer",,139,
62582,"Marie-Pia d’Ortho",,139,
62583,"Dominique Wolton",,121,30
62585,Dalai-lama,,129,
62586,"François Verdeaux",,149,
62587,"Ingrid Hall",,149,
62588,"Bernard Moizo",,149,
62589,"Seth Van Hooland",,165,
62590,"Florence Gillet",,165,
62591,"Simon Hengchen",,165,
62592,"Max De Wilde",,165,
62593,"Michael Sinatra",20,173,10
62594,"Joseph Rézeau",,159,
62595,"Yves-François Le Coadic",,357,
62596,"Serge Cacaly",,115,
62597,"Bénédicte Langlois",,115,
62598,"Sébastien George",,115,
62599,"Lenka Stransky",30,151,30
62600,"Ciciliato Vincent",,141,
62601,"Frédérique Aït-Touati",,161,
62602,"Alexandra Arènes",,161,
62603,"Axelle Grégoire",,161,
62604,"David Diop",,179,
62605,"Roselyne Koren",,191,
62606,Spinoza,,105,80
62607,"Charles Appuhn",,105,
62608,"Myriam Marzouki",,19,
62609,"Maryse Carmes",60,171,20
62610,"Majd Saleh",,19,
62611,"Stéphane Simonian",,151,
62612,"Juan Sequeda",,127,
62613,"Olaf Hartig",,127,
62614,"B. Ancori",,117,
62615,"Madeleine Akrich",,167,
62616,"Michel Callon",,171,30
62617,"Eric Boutin",,139,
62618,"Pei Liu",,139,
62619,"Stéphane Goria",,139,
62620,"Philippe Dumas",,139,
62621,"Amos David",20,147,10
62622,"José Lages",,203,
62623,"Sylvain Ferrières",,123,
62624,"Pathé Marame Niang",,123,
62625,"Élodie Vieille Blanchard",,115,
62626,"John Robert Stewart",,163,
62627,"Véronique Havelange",,163,
62628,"Juan Carlos Valverde Campos",,123,
62629,"Dominique Bourg",,287,
62630,"Augustin Fragnière",,287,
62631,"Annette Lauret",,133,
62632,"Francis Arnion",,133,
62633,"Alessandro Sarti",,19,
62634,"Giovanna Citti",,19,
62635,"David Piotrowski",,19,
62636,"Fabien Provost",,19,
62637,"Lauren Kamili",,19,
62638,"Perig Pitrou",,19,
62639,"Pierre Holat",,115,
62640,"Karen L. F. Houle",,19,
62641,"Anne Querrien",,19,
62642,"Michael Marder",,351,
62643,"Christophe Lazaro",,19,
62644,"Sylvain Parasie",,155,
62645,"François Dedieu",,155,
62646,"Christopher Paul Wild",,163,
62647,"Xavier Guchet",,19,
62648,"Claire Jouffray",,19,
62649,"Danilo Martuccelli",,19,
62650,"Henry David Thoreau",,161,40
62651,"Jean-Pierre Dupuy",,107,
62652,"Benjamin H. Bratton",,187,
62653,"Alberto Jáñez Morán",,199,
62654,"Paolo Profaizer",,199,
62655,"María Herrando Zapater",,199,
62656,"María Andérez Valdavida",,199,
62657,"Ignacio Zabalza Bribián",,199,
62658,"Natacha Gondran",,255,
62659,"Anastasia Wolff",,159,
62660,"Christian Brodhag",,159,
62661,"N. Kingston",,19,
62662,"B. MacSharry",,19,
62663,"M. G. de Lima",,19,
62664,"E. M. S. Belle",,19,
62665,"N. D. Burgess",,19,
62666,"Serge Paugam",,121,
62667,"Diego Juffe-Bignoli",,123,
62668,"Heather Bingham",,123,
62669,"Brian MacSharry",,123,
62670,"Marine Deguignet",,123,
62671,"Amy Milam",,123,
62672,"Dominique Méda",,217,
62673,"Frédéric Zahm",,107,
62674,"Marilys Pradel",,19,
62675,"Daniel Boffety",,19,
62676,"Matthieu Quiniou",60,121,40
62677,"Rachel A. Neugarten",,215,
62678,"Penny F. Langhammer",,215,
62679,"Elena Osipova",,215,
62680,"Kenneth J. Bagstad",,215,
62681,"Nirmal Bhagabati",,215,
62682,"Stuart H.M. Butchart",,215,
62683,"Nigel Dudley",,215,
62684,"Vittoria Elliott",,215,
62685,"Leah R. Gerber",,215,
62686,"Claudia Gutierrez Arrellano",,215,
62687,"Kasandra-Zoica Ivanić",,215,
62688,"Marianne Kettunen",,215,
62689,"Lisa Mandle",,215,
62690,"Jennifer C. Merriman",,215,
62691,"Mark Mulligan",,215,
62692,"Kelvin S.-H. Peh",,215,
62693,"Ciara Raudsepp-Hearne",,215,
62694,"Darius J. Semmens",,215,
62695,"Sue Stolton",,215,
62696,"Simon Willcock",,215,
62697,"Craig Groves",,215,
62698,"Jean-Pierre Gratia",,123,
62699,"Marc-Williams Debono",,117,
62700,"Quentin Hiernaux",,117,
62701,"Stefano Mancuso",,129,
62702,"Alessandra Viola",,129,
62703,"Renaud Temperini",,129,
62704,"Marie Augendre",,141,
62705,"Jean-Pierre Llored",,141,
62706,"Yann Nussaume",,141,
62707,"Eduardo Kohn",,19,
62708,"Grégory Delaplace",,19,
62709,"Myriam Lamolle",10,147,10
62710,BERNS/REIGELUTH,,125,
62711,"Robert Harrison",,145,60
62712,"Florence Naugrette",,141,
62713,"San Antonio",,113,30
62714,"Shah Idries",,141,20
62715,"Jean Neaumet",,137,
62716,"Mark Hunyadi",,239,
62717,"Joseph Culpepper",,91,
62718,"André Comte-Sponville",,135,30
62719,"Nathalie Chouchan",,135,
62720,"Anne-Françoise Schmid",,211,
62721,"Muriel Mambrini-Doudet",,211,
62722,"Lydia Flem",,135,
62723,"Jean Petitot",,135,
62724,"Vincent Bontems",,129,
62726,"Krzysztof Pomian",,215,40
62727,"J Petitot",,89,
62728,"Emiliano Heyns",,99,
62729,"Diane Dufort",,159,
62730,"Federico Tajariol",,159,
62731,"Yaëlle Tannau",,91,
62732,"Armand Etienne Amato",30,145,3
62733,"Daniela Voss",,123,
62736,"Wassily Kandinsky",,193,50
62737,"Philippe Sers",,189,
62738,"Suzanne Leppien",,189,
62739,"Jean Leppien",,189,
62740,"Florie Giacona",,19,
62741,"Brice Martin",,19,
62742,"Nicolas Eckert",,19,
62743,"Jérémy Desarthe",,19,
62744,"Daniel Rosenberg",,153,
62745,"Anthony T. Grafton",,153,
62746,"Marie-Christine Guillon",,153,
62747,"Evelyne Clément",60,129,30
62748,"Laurence Dahan-Gaida",,151,
62749,"Dario Rodighiero",,213,20
62750,"Jeffrey Schnapp",,149,
62751,"Martine Sgard",,149,
62752,"Véronique Delannay",,19,
62753,"Jean-Charles Jarrell",,19,
62754,"Thibaud Hulin",,19,
62755,"Julio Laborde",,19,
62756,Élysée,,107,
62757,"Flavien Balbo",,163,
62758,"Fiona Berreby",,163,
62759,"Olivier Boissier",,163,
62760,"Vincent Bonnemains",,163,
62761,"Grégory Bonnet",,163,
62762,"Gauvain Bourgne",,163,
62763,"Bruno Mermet",,163,
62764,"Gaële Simon",,163,
62765,"Thibault de Swarte",,163,
62766,"Catherine Tessier",,163,
62767,"Robert Voyer",,163,
62768,"Bernard Miège",,143,
62769,"Nicolas Pélissier",,143,
62770,"Editions L'Harmattan/SFSIC",,143,
62771,"Marie-Laure Malingre",,147,
62772,"Rayya Roumanos",,19,
62773,"Anne de Fornel",,133,
62774,"Anne  de Fornel",,125,
62775,"Pascal Béguin",,19,
62776,"Jean-François Desbiens",,151,
62777,"Louis Quéré",,191,
62778,"Michel De Fornel",,191,
62779,"Zoubida Afoutni",,19,
62780,"Monique Dalud-Vincent",,195,
62781,"Bilel Benbouzid",,139,
62783,"Mathieu Bastian",,119,
62784,"Sebastien Heymann",,119,
62785,"Kevin Coulembier",,119,
62786,"Peter Gärdenfors",,19,
62787,"Quang Vu Bui",,19,
299618,"Salam Diab Duranton",30,89,20
299619,"Abdenbi Lachkar",,81,
299620,"Catherine Nyeki",60,89,60
299621,"Ghislain Guy",,197,
299622,Orlan,10,91,10
299623,"Daniel Berthereau",30,177,50
299751,"Hadjira Oumennor Makhaldi",,73,
299752,"Caroline Avril",,73,
299753,"Maxime Antremont",,73,
299754,"Yann Soubai",,73,
299755,"Asmae El Miloudi",,73,
299756,"Xiaohe Cao",,73,
299757,"Zineb Slaoui",,73,
299758,"Karima Hajjari",,73,
299759,"Youcef Chahed",,73,
299760,"Firdaous Boumarsel",,73,
299761,"Mohamed El Frihmat",,73,
299762,"Fahem Irantene",,73,
299763,"Nadir Gharzal",,73,
299764,"Eléonore Gouttegata",,73,
299765,"The Loc Nguyen",,73,
299766,"Mohamed Benabid",,73,
299767,"El Hadji Malick Gueye",,73,
299768,"Mohammed Ahmed Hassan",,65,
299769,"Manon Micaletti",,65,
299770,"Sarah Malaeb",,65,
299771,"Luis Torres",,65,
299772,"Carole Henri",,65,
299773,"Emna Louati",,335,
299774,"Rim Kaidi",,83,
299775,"Christina Ramaroson",,81,
299776,"Lucien Cartier-Tilet",,85,
299777,"Roch Delanay",,261,
299778,"Ala Atrash",,73,
299779,"Claire Dezaille",,73,
299780,"Abderrahim Bargaoui",,81,
299781,"Mehdi Touibi",,81,
299782,"Amel Bourenane",,81,
299784,"Chacha Mahfoud",,81,
299880,"Chu-Yin Chen",50,23,50
299901,"Amit Patel",,99,
299902,"Zachary Déziel",,107,
299903,"Denis Cristol",,187,
299904,"Victor Hugo",,125,20
299905,"Cathy Rousset",,121,
299906,"Jürgen Habermas",,225,20
299907,"Frédéric Joly",,115,
299909,OCDE,,115,
299910,"Karl J. Friston",,195,
299911,"Maxwell J. D. Ramstead",,195,
299912,"Alex B. Kiefer",,195,
299913,"Alexander Tschantz",,195,
299914,"Christopher L. Buckley",,195,
299915,"Mahault Albarracin",,195,
299916,"Riddhi J. Pitliya",,195,
299917,"Conor Heins",,195,
299918,"Brennan Klein",,195,
299919,"Beren Millidge",,195,
299920,"Dalton A. R. Sakthivadivel",,195,
299921,"Toby St Clere Smithe",,195,
299922,"Magnus Koudahl",,195,
299923,"Safae Essafi Tremblay",,195,
299924,"Capm Petersen",,195,
299925,"Kaiser Fung",,195,
299926,"Jason G. Fox",,195,
299927,"Steven Swanson",,195,
299928,"Dan Mapes",,195,
299929,"Gabriel René",,195,
299930,"Armen Khatchatourov",,135,
299931,"Nikita Pavlichenko",,143,
299932,"Fedor Zhdanov",,143,
299933,"Dmitry Ustalov",,143,
299934,"James Hayden Tufts",,283,
299935,"Fabien Ferri",,127,
299936,"Philippe Vellozzo",,107,
299937,"Cécile Gardies",,115,
299938,"Juan Carlos Farah",,97,
299939,"Marie Lechner",,271,
299940,"Masure Anthony",,279,20
299941,"Michèle Béguin",,147,
299942,"Denise Pumain",,147,
299943,"Billy Perrigo",,19,
299944,"Paul DelSignore",,107,
299945,"Anjana Samindra Perera",,107,
299946,"Chenfei Wu",,147,
299947,"Shengming Yin",,147,
299948,"Weizhen Qi",,147,
299949,"Xiaodong Wang",,147,
299950,"Zecheng Tang",,147,
299951,"Nan Duan",,147,
299952,"Etienne Mineur",10,171,30
299953,"Hörl Erich",,107,
299954,"Ian J. Goodfellow",,155,
299955,"Jean Pouget-Abadie",,155,
299956,"Mehdi Mirza",,155,
299957,"Bing Xu",,155,
299958,"David Warde-Farley",,155,
299959,"Sherjil Ozair",,155,
299960,"Aaron Courville",,155,
299961,"Yoshua Bengio",,155,
299962,"Alban Leveau-Vallier",,301,
299963,"Szoniecky, Samuel",,1053,
299965,"Safia Abouad",20,145,10
299966,"Johanna Drucker",,149,20
299967,"Morgane Mignon",,145,
299968,"Marie-Mathilde Bortolotti",,145,
299969,"Tiffany Andry",,115,
299970,"Suzanne Kieffer",,115,
299971,"Jeremy Boy",,167,
299972,"Malek Ghenima",30,123,10
299973,"Amel Bourenane",,111,
300412,"Lev Manovich",,79,30
300413,"Markos Konstantakis",30,79,20
300414,"George Okeyo",,71,
300415,"Sophie Renault",,71,
300416,"Massimo Leone",,75,20
300417,"Béatrice Galinon-Mélénec",,71,
300418,"Franck Zappa",,65,60
541198,"Jérôme Bondu",,175,
541199,"Corinne Dupin",,175,
541200,"Christophe Deschamps",,175,
541201,"Tangi Cavalin",,159,
541202,"Lev Manovich",,85,20
541203,"Alain Lelu",,141,
541204,"William Charles",,123,
541205,"Cassia Trojahn",,211,
541206,"Catherine Malabou",,121,
541207,"Anna Pappa",50,279,20
541208,"Rocio Berenguer",20,279,20
541209,"Joël Huthwohl",,271,
541210,"Cécile Quach",30,275,
541211,"Benjamin Green",,97,
541212,"Henri Reymond",,163,
541213,"Roger Brunet",,167,10
541214,"Per Aage Brandt",,135,
541215,"Sophie Roux",,159,
541216,"Thierry Martin",,159,
541217,"Ernest Coumet",,159,
541218,"Benoît Saint Girons",,125,
541219,"Ecole biblique de Jérusalem",,125,
541220,"Gilles Legoux",,107,
541221,"Anthony Masure",,141,20
541222,"Aditya Ramesh",,123,
541223,"Prafulla Dhariwal",,123,
541224,"Alex Nichol",,123,
541225,"Casey Chu",,123,
541226,"Mark Chen",,123,
541227,"César Ducruet",,81,
541228,"Sylvain Perifel",,99,
541229,"Kévin Perrot",,123,
541230,"Mariana Ziku",,139,
541231,"Konstantinos Michalakis",,139,
541232,"George Caridakis",30,147,5
541233,"Markos Konstadakis",10,147,10
541234,"George Trichopoulos",,139,
541235,"Katia Dupret",30,305,30
541236,"Jennifer Eschweiler",,139,
541237,"Natalie Petiteau",,127,
541238,"Karim Hammou",,127,
541239,"Mathieu Orban",,127,
541240,"Céline Guilleux",,127,
541241,"Sarah Zingraff",,127,
541242,"Lucie Choupaut",,127,
541243,"Pascal Ory",10,127,10
541244,"Gia-Hung Nguyen",,99,
541246,"Yann LeCun",,95,20
541247,"Hugo Dendievel",,139,
